eeg_id,seizure_vote,lpd_vote,gpd_vote,lrda_vote,grda_vote,other_vote
3911565283,0.16947856420872381,0.052852208262951485,0.40441493310875154,0.008484990949313721,0.05140062742098021,0.3133686760492791
